Title,Author,Rating,Number of users rated,Price
The Last Thing He Told Me: A Novel ,Laura Dave,4.3 out of 5 stars,"54,368",$14.00
The Wish ,Nicholas Sparks,4.8 out of 5 stars,"11,057",$14.00
Peril ,Bob Woodward,4.5 out of 5 stars, and ,$15.00
Where the Crawdads Sing ,Delia Owens,4.8 out of 5 stars,"195,606",$9.98
Apples Never Fall ,Kindle,4.2 out of 5 stars,Liane Moriarty,$0.00
The Sweetness of Water (Oprah's Book Club): A Novel ,Nathan Harris,4.5 out of 5 stars,"5,205",$14.99
"If You Tell: A True Story of Murder, Family Secrets, and the Unbreakable Bond of Sisterhood ",Gregg Olsen,4.4 out of 5 stars,"42,558",$11.98
In Five Years: A Novel ,Rebecca Serle,4.4 out of 5 stars,"22,671",$11.06
A Woman of No Importance: The Untold Story of the American Spy Who Helped Win World War II ,Sonia Purnell,4.6 out of 5 stars,"10,692",$13.39
The Judge's List: A Novel ,Kindle,4.5 out of 5 stars,Other formats: ,$0.00
The Four Winds: A Novel ,Kristin Hannah,4.5 out of 5 stars,"82,686",$14.99
The Beekeeper of Aleppo: A Novel ,Christy Lefteri,4.4 out of 5 stars,"18,966",$8.96
The Couple Next Door: A Novel ,Shari Lapena,4.3 out of 5 stars,"23,719",$8.99
The Last Flight: A Novel ,Julie Clark,4.4 out of 5 stars,"16,756",$9.48
American Dirt (Oprah's Book Club): A Novel ,Hardcover,4.6 out of 5 stars,Jeanine Cummins,$0.00
"The President and the Freedom Fighter: Abraham Lincoln, Frederick Douglass, and Their Battle to Save America's Soul ",Brian Kilmeade,4.8 out of 5 stars,561,$17.54
Beach Read ,Emily Henry,4.4 out of 5 stars,"21,162",$7.35
The Midnight Library: A Novel ,Matt Haig,4.3 out of 5 stars,"119,843",$13.29
Spilled Milk: Based on a true story ,K.L Randis,4.7 out of 5 stars,"17,933",$12.92
The Book of Longings: A Novel ,Sue Monk Kidd,4.5 out of 5 stars,"12,660",$11.50
The Book of Two Ways: A Novel ,Jodi Picoult,4.1 out of 5 stars,"13,914",$10.99
The Lincoln Highway: A Novel ,Amor Towles,4.5 out of 5 stars,"10,825",$18.28
When We Believed in Mermaids: A Novel ,Barbara O'Neal,4.5 out of 5 stars,"46,433",$6.69
"The Story of The Masters: Drama, joy and heartbreak at golf's most iconic tournament ",David Barrett,4.7 out of 5 stars,66,$21.49
The Secrets We Keep: A gripping emotional page turner ,Kate Hewitt,4.2 out of 5 stars,"10,772",$3.99
Pretty Things: A Novel ,Paperback,4.3 out of 5 stars,Janelle Brown,$0.00
The Return ,Nicholas Sparks,4.6 out of 5 stars,"32,622",$12.48
A Time for Mercy (Jake Brigance Book 3) ,Mass Market Paperback,4.6 out of 5 stars,Other formats: ,$9.99
State of Terror: A Novel ,Louise Penny,4.5 out of 5 stars, and ,$15.00
Betrayal: The Final Act of the Trump Show ,Jonathan Karl,4.7 out of 5 stars,692,$23.49
Between Sisters: A Novel ,Kristin Hannah,4.5 out of 5 stars,"7,181",$13.99
The Lost Girls of Ireland: A heart-warming and feel-good page-turner set in Ireland (Starlight Cottages Book 1) ,Paperback,4.3 out of 5 stars,Other formats: ,$2.99
American Marxism ,Mark R. Levin,4.9 out of 5 stars,"21,875",$14.00
My Body ,Emily Ratajkowski,4.6 out of 5 stars,208,$16.90
Quiet: The Power of Introverts in a World That Can't Stop Talking ,Susan Cain,4.6 out of 5 stars,"16,024",$14.55
It All Comes Back to You: A Book Club Recommendation! ,Beth Duke,4.4 out of 5 stars,"5,580",$11.68
Educated: A Memoir ,Tara Westover,4.7 out of 5 stars,"57,763",$13.00
Anxious People: A Novel ,Fredrik Backman,4.4 out of 5 stars,"35,578",$13.12
The Guardians: A Novel ,Kindle,4.5 out of 5 stars,John Grisham,$0.00
The Best of Friends ,Lucinda Berry,4.3 out of 5 stars,"10,317",$0.00
"The Silent Daughter: A gripping pageturner of family secrets, with a twist you won't see coming (Claire Amarti Book Club Fiction) ",Claire Amarti,4.1 out of 5 stars,"7,470",$0.00
One Little Lie: A Thrilling Suspense Novel ,Christopher Greyson,4.3 out of 5 stars,791,$15.99
Freaking Idiots Guide To Selling On eBay: How anyone can make $100 or more everyday selling on eBay (Freaking Idiots Guides) ,Audible Audiobook,4.0 out of 5 stars,More Buying Choices,$15.99
Up and Down: Victories and Struggles in the Course of Life ,Bubba Watson,4.7 out of 5 stars, and ,$20.74
"The Greatest Beer Run Ever: A Memoir of Friendship, Loyalty, and War ",Kindle,4.6 out of 5 stars,"John ""Chick"" Donohue",$14.38
The Silent Wife: A gripping emotional page turner with a twist that will take your breath away ,Kerry Fisher,4.3 out of 5 stars,"14,182",$3.99
"Laptop from Hell: Hunter Biden, Big Tech, and the Dirty Secrets the President Tried to Hide ",Miranda Devine,4.5 out of 5 stars,168,$19.44
The Second Life of Mirielle West: A Haunting Historical Novel Perfect for Book Clubs ,Amanda Skenandore,4.6 out of 5 stars,714,$8.27
The Silent Patient ,Hardcover,4.5 out of 5 stars,Alex Michaelides,$0.00
The Stranger in the Lifeboat: A Novel ,Mitch Albom,4.6 out of 5 stars,"2,737",$14.39
The Extraordinary Life of Sam Hell: A Novel ,Robert Dugoni,4.6 out of 5 stars,"18,482",$0.00
The Boys: A Memoir of Hollywood and Family ,Ron Howard,4.7 out of 5 stars, and ,$18.84
The Unfit Heiress: The Tragic Life and Scandalous Sterilization of Ann Cooper Hewitt ,Audrey Clare Farley,4.0 out of 5 stars,139,$14.99
I Alone Can Fix It: Donald J. Trump's Catastrophic Final Year ,Philip Rucker,4.7 out of 5 stars,Carol Leonnig,$17.92
The Guilty Sister: An absolutely nail-biting psychological thriller with a shocking twist ,Arianne Richmonde,4.1 out of 5 stars,98,$3.99
Golden Girl ,Kindle,4.6 out of 5 stars,Elin Hilderbrand,$0.00
The Memory of an Elephant ,Alex Lasker,4.8 out of 5 stars,168,$13.99
The Pioneers: The Heroic Story of the Settlers Who Brought the American Ideal West (Thorndike Press Large Print Popular and Narrative Nonfiction) ,David McCullough,4.5 out of 5 stars,"6,107",$34.99
Billy Summers ,Stephen King,4.6 out of 5 stars,"25,289",$15.00
Caste (Oprah's Book Club): The Origins of Our Discontents ,Isabel Wilkerson,4.8 out of 5 stars,"35,977",$14.79
The Last Bookshop in London: A Novel of World War II ,Madeline Martin,4.5 out of 5 stars,"6,840",$13.58
The Moonlight Child ,Karen McQuestion,4.4 out of 5 stars,"15,777",$0.00
"The Girl You Killed: An addictive, heart-stopping psychological thriller (Leslie Wolfe Collection) ",Paperback,4.5 out of 5 stars,Other formats: ,$0.00
Endurance: Shackleton's Incredible Voyage ,Kindle,4.8 out of 5 stars,Alfred Lansing,$0.00
The Pale-Faced Lie: A True Story ,David Crow,4.5 out of 5 stars,"8,742",$13.75
A Promised Land ,Hardcover,4.9 out of 5 stars,Barack Obama,$0.00
The Cellist: A Novel (Gabriel Allon Book 21) ,Hardcover,4.0 out of 5 stars,Other formats: ,$14.99
Silverview: A Novel ,John le Carré,4.2 out of 5 stars,"2,426",$14.00
Better Off Dead: A Jack Reacher Novel ,Audible Audiobook,4.1 out of 5 stars,Other formats: ,$14.99
Theodore Boone 6-Book Box Set ,John Grisham,4.8 out of 5 stars,"1,512",$37.75
"The Complete Air Fryer Cookbook for Beginners: 600 Affordable, Quick & Easy Air Fryer Recipes with Tips & Tricks to Fry, Grill, Roast, and Bake Your Favorite Daily Meals ",Kindle,4.3 out of 5 stars,Allison E. Jackson,$15.99
The Missing ,Kindle,4.3 out of 5 stars,Kiersten Modglin,$0.00
Wish You Were Here: A Novel ,Jodi Picoult,4.5 out of 5 stars,402,$19.00
Vanderbilt: The Rise and Fall of an American Dynasty ,Anderson Cooper,4.4 out of 5 stars, and ,$18.00
Sold on a Monday: A Novel ,Kristina McMorris,4.4 out of 5 stars,"21,171",$0.00
The Case of the Murderous Dr. Cream: The Hunt for a Victorian Era Serial Killer ,Dean Jobb,4.3 out of 5 stars,354,$9.44
We Are All the Same in the Dark: A Novel ,Paperback,4.3 out of 5 stars,Julia Heaberlin,$0.00
The Indigo Girl: A Novel ,Natasha Boyd,4.6 out of 5 stars,"8,866",$11.40
House in the Cerulean Sea ,TJ Klune,4.7 out of 5 stars,"16,385",$15.06
The Housekeeper: A twisted psychological thriller ,Natalie Barelli,4.3 out of 5 stars,"10,788",$9.40
Never: A Novel ,Ken Follett,4.4 out of 5 stars,"2,554",$15.99
Sleigh Bells Ring: A Christmas Romance Novel ,RaeAnne Thayne,4.7 out of 5 stars,782,$9.99
The Second Mrs. Astor: A Heartbreaking Historical Novel of the Titanic ,Shana Abe,4.3 out of 5 stars,"1,167",$8.23
On Full Automatic: Surviving 13 Months in Vietnam ,Paperback,4.7 out of 5 stars,William Taylor,$0.00
"The Edelweiss Sisters: An epic, heartbreaking and gripping World War 2 novel ",Kate Hewitt,4.5 out of 5 stars,"1,814",$3.99
"Nala's World: One Man, His Rescue Cat, and a Bike Ride around the Globe ",Dean Nicholson,4.9 out of 5 stars, and ,$14.49
Uncle Tom's Cabin ,Harriet Beecher Stowe,4.6 out of 5 stars,"3,983",$1.99
No Way Out: A Gripping Novel of Suspense ,Fern Michaels,4.1 out of 5 stars,"3,511",$0.00
Fortune and Glory: Tantalizing Twenty-Seven (Stephanie Plum Book 27) ,Audible Audiobook,4.6 out of 5 stars,Other formats: ,$8.99
Make $1000 Selling on eBay Before Christmas ,Kindle,4.7 out of 5 stars,Other format: ,$9.99
Then She Was Gone: A Novel ,Lisa Jewell,4.6 out of 5 stars,"37,002",$8.52
The Last Green Valley: A Novel ,Mark Sullivan,4.6 out of 5 stars,"18,209",$0.00
When the Apricots Bloom: A Novel of Riveting and Evocative Fiction ,Gina Wilkinson,4.2 out of 5 stars,"2,601",$13.58
Glitter Every Day: 365 Quotes from Women I Love ,Andy Cohen,4.5 out of 5 stars,198,$15.58
"Lidia's a Pot, a Pan, and a Bowl: Simple Recipes for Perfect Meals: A Cookbook ",Tanya Bastianich Manuali,4.3 out of 5 stars,Lidia Matticchio Bastianich,$21.57
"Air Fryer Cookbook for Beginners 2022: 1200 Affordable, Quick & Easy Air Fryer Recipes with Tips & Tricks to Fry, Grill, Roast, and Bake Your Favorite Daily Meals ",Paperback,4.8 out of 5 stars,Angela Spark,$0.00
The Vanishing Half: A Novel ,Kindle,4.4 out of 5 stars,Brit Bennett,$0.00
The Perfect Wife (A Jessie Hunt Psychological Suspense Thriller—Book One) ,Paperback,4.4 out of 5 stars,Other formats: ,$0.00
The League: How Five Rivals Created the NFL and Launched a Sports Empire ,John Eisenberg,4.6 out of 5 stars,492,$15.29
The Best of Me ,Nicholas Sparks,4.6 out of 5 stars,"7,531",$7.48
Lying Next to Me ,Gregg Olsen,4.4 out of 5 stars,"10,252",$0.00
A Wrinkle in Time (Time Quintet) ,Audible Audiobook,4.6 out of 5 stars,More Buying Choices,$5.35
Devoted ,Dean Koontz,4.4 out of 5 stars,"16,779",$10.99
All American Christmas ,Rachel Campos-Duffy,4.8 out of 5 stars, and ,$18.70
The Dressmakers of Auschwitz: The True Story of the Women Who Sewed to Survive ,Lucy Adlington,4.5 out of 5 stars,290,$14.38
Going There ,Hardcover,4.4 out of 5 stars,Katie Couric,$0.00
"8 MIRACULOUS MONTHS IN THE MALAYAN JUNGLE: A WWII Pilot's True Story of Faith, Courage, and Survival ","Donald J. ""DJ"" Humphrey  II",4.5 out of 5 stars,637,$15.98
The Hive ,Gregg Olsen,4.0 out of 5 stars,"8,544",$0.00
"The Last Duel: A True Story of Crime, Scandal, and Trial by Combat ",Eric Jager,4.4 out of 5 stars,995,$12.99
The 1619 Project: A New Origin Story ,Nikole Hannah-Jones,4.8 out of 5 stars,", ",$23.17
Winter Garden ,Kristin Hannah,4.6 out of 5 stars,"17,247",$7.56
The Sleep Experiment: An edge-of-your-seat psychological thriller (World's Scariest Legends) ,Jeremy Bates,4.3 out of 5 stars,"4,077",$7.95
"Autopsy: A Scarpetta Novel (Kay Scarpetta, 25) ",Kindle,4.4 out of 5 stars,More Buying Choices,$18.87
The Marriage: An absolutely jaw-dropping psychological thriller ,K.L. Slater,4.2 out of 5 stars,"4,324",$3.99
While Justice Sleeps: A Novel ,Kindle,4.5 out of 5 stars,Stacey Abrams,$0.00
The Woman I Was Before: A gripping emotional page turner with a twist ,Kerry Fisher,4.2 out of 5 stars,"4,506",$3.99
"Interesting Stories For Curious People: A Collection of Fascinating Stories About History, Science, Pop Culture and Just About Anything Else You Can Think of ",Audible Audiobook,4.5 out of 5 stars,More Buying Choices,$8.19
The Power of Your Subconscious Mind ,Joseph Murphy,4.6 out of 5 stars,"37,040",$5.49
The Dressmaker's Gift ,Fiona Valpy,4.5 out of 5 stars,"25,423",$8.99
What Should Darla Do? Featuring the Power to Choose (The Power to Choose Series) ,Adir Levy,4.8 out of 5 stars,", ",$14.84
The Baseball 100 ,Joe Posnanski,4.8 out of 5 stars,362,$33.99
The Henna Artist: A Novel (The Jaipur Trilogy Book 1) ,Audible Audiobook,4.5 out of 5 stars,Other formats: ,$4.99
The Last of the Moon Girls ,Barbara Davis,4.4 out of 5 stars,"30,298",$0.00
The New York Times Book Review: 125 Years of Literary History ,Kindle,5.0 out of 5 stars,The New York Times,$37.38
These Tangled Vines: A Novel ,Kindle,4.4 out of 5 stars,Julianne MacLean,$0.00
Unspeakable Things ,Jess Lourey,4.2 out of 5 stars,"17,760",$11.99
The Boy from the Woods ,Audible Audiobook,4.4 out of 5 stars,Other formats: ,$11.99
Our Little Secret ,Kiersten Modglin,4.1 out of 5 stars,"2,038",$0.00
"Sharpe's Assassin: Richard Sharpe and the Occupation of Paris, 1815 ",Hardcover,4.6 out of 5 stars,Other formats: ,$14.99
The Dark Hours ,Audible Audiobook,4.7 out of 5 stars,Other formats: ,$14.99
The Locked Door: A gripping psychological thriller with a jaw-dropping twist ,Freida McFadden,4.4 out of 5 stars,"8,090",$0.00
The Beach House (South Carolina Sunsets Book 1) ,Paperback,4.3 out of 5 stars,Other formats: ,$2.99
AGATHA CHRISTIE Premium Collection ,Agatha Christie,4.6 out of 5 stars,"1,691",$1.99
The Cipher (Nina Guerrera Book 1) ,Paperback,4.4 out of 5 stars,Other formats: ,$0.00
The Law of Innocence ,Kindle,4.5 out of 5 stars,Other formats: ,$0.00
The Girl Who Drank the Moon (Winner of the 2017 Newbery Medal) ,Kelly Barnhill,4.7 out of 5 stars,"15,275",$6.38
The Guilty Husband: An utterly gripping psychological thriller with a jaw-dropping twist! ,Stephanie DeCarolis,4.3 out of 5 stars,"7,020",$0.99
The Sanatorium: A Novel ,Sarah Pearse,3.9 out of 5 stars,"13,657",$14.83
Freaking Idiots Guides 4 Book Bundle Ebay Fiverr Kindle & Public Domain ,Nick Vulich,4.6 out of 5 stars,2,$5.66
The Peacemaker's Code ,Deepak Malhotra,4.7 out of 5 stars,"1,002",$0.00
Fly Away: A Novel (Firefly Lane Book 2) ,Audible Audiobook,4.5 out of 5 stars,Other formats: ,$11.99
The Venice Sketchbook: A Novel ,Rhys Bowen,4.5 out of 5 stars,"27,925",$0.00
The Sentinel: A Jack Reacher Novel ,Mass Market Paperback,4.3 out of 5 stars,Other formats: ,$9.99
The Clover Girls: A Novel ,Viola Shipman,4.3 out of 5 stars,994,$9.99
The Christmas House: A Hickory Grove Novel ,Paperback,4.4 out of 5 stars,Other formats: ,$3.99
"Father Brown Complete Murder Mysteries: The Innocence of Father Brown, The Wisdom of Father Brown, The Donnington Affair… ",G. K. Chesterton,4.2 out of 5 stars,"1,792",$1.99
The Reckoning: A Novel ,John Grisham,4.2 out of 5 stars,"17,392",$9.99
We Were the Lucky Ones ,Kindle,4.7 out of 5 stars,Georgia Hunter,$0.00
Where Tomorrows Aren't Promised: A Memoir of Survival and Hope ,Carmelo Anthony,4.8 out of 5 stars, and ,$17.80
Elsewhere ,Paperback,4.5 out of 5 stars,Dean Koontz,$0.00
A MIRROR ABOVE THE ABYSS: a novel ,Paperback,4.4 out of 5 stars,Other formats: ,$0.00
"To Rescue the Republic: Ulysses S. Grant, the Fragile Union, and the Crisis of 1876 ",Bret Baier,4.8 out of 5 stars, and ,$17.74
Night (Night) ,Audible Audiobook,4.7 out of 5 stars,More Buying Choices,$5.49
Beyond Biden: Rebuilding the America We Love ,Newt Gingrich,4.7 out of 5 stars,185,$18.84
Dune ,Paperback,4.7 out of 5 stars,Other formats: ,$0.00
Extreme Ownership: How U.S. Navy SEALs Lead and Win ,Paperback,4.8 out of 5 stars,Other formats: ,$0.00
Pride & Prejudice (Deluxe Edition) ,Kindle,4.6 out of 5 stars,Jane Austin,$18.30
The Fire Next Time ,James Baldwin,4.9 out of 5 stars,"7,989",$11.95
The Guest List: A Novel ,Paperback,4.2 out of 5 stars,Lucy Foley,$0.00
Sweet Water ,Cara Reinard,4.2 out of 5 stars,"12,584",$0.00
The Five Wishes of Mr. Murray McBride ,Kindle,4.7 out of 5 stars,More Buying Choices,$13.99
Verity ,Colleen Hoover,4.6 out of 5 stars,"41,355",$7.99
The Restaurant (The Nantucket Restaurant series Book 1) ,Paperback,4.1 out of 5 stars,Other formats: ,$4.99
Sooley: A Novel ,John Grisham,4.5 out of 5 stars,"27,877",$15.67
Hillbilly Elegy: A Memoir of a Family and Culture in Crisis ,Kindle,4.5 out of 5 stars,J. D. Vance,$0.00
The Prayer Box (A Carolina Heirlooms Novel) ,Kindle,4.7 out of 5 stars,More Buying Choices,$9.19
Once Upon a Chef: Weeknight/Weekend: 70 Quick-Fix Weeknight Dinners + 30 Luscious Weekend Recipes: A Cookbook ,Jennifer Segal,4.9 out of 5 stars,654,$26.99
"The Complete Works of Jane Austen: (In One Volume) Sense and Sensibility, Pride and Prejudice, Mansfield Park, Emma, Northanger Abbey, Persuasion, Lady ... Sandition, and the Complete Juvenilia ",Jane Austen,4.7 out of 5 stars,"1,271",$2.99
"The Complete Works of Jane Austen: (In One Volume) Sense and Sensibility, Pride and Prejudice, Mansfield Park, Emma, Northanger Abbey, Persuasion, Lady ... Sandition, and the Complete Juvenilia ",Jane Austen,4.7 out of 5 stars,"1,271",$2.99
Last Girl Ghosted: A Novel ,Lisa Unger,4.2 out of 5 stars,"1,235",$12.99
"The Complete Air Fryer Cookbook for Beginners 2022: 1000 Quick, Easy & Affordable Air Fryer Recipes - Tips & Tricks - Fry, Grill, Roast, and Bake Your Favorite Foods ",Elena Baker,4.4 out of 5 stars,128,$15.95
Travels with George: In Search of Washington and His Legacy ,Nathaniel Philbrick,4.3 out of 5 stars,229,$20.30
It's Better This Way: A Novel ,Debbie Macomber,4.5 out of 5 stars,"4,350",$13.99
The Book of Lost Friends: A Novel ,Kindle,4.5 out of 5 stars,Lisa Wingate,$0.00
The Personal Librarian ,Marie Benedict,4.5 out of 5 stars, and ,$11.99
Clive Cussler's The Devil's Sea (Dirk Pitt Adventure Book 26) ,Audible Audiobook,4.6 out of 5 stars,Other formats: ,$14.99
My Daddy the Pedophile: A Memoir ,Paperback,4.5 out of 5 stars,Lily Palazzi,$0.00
The Book of Joy: Lasting Happiness in a Changing World ,Audible Audiobook,4.8 out of 5 stars,More Buying Choices,$18.73
Firekeeper's Daughter ,Angeline Boulley,4.6 out of 5 stars,"4,378",$10.99
The Complete Air Fryer Cookbook: 1000 Recipes For Quick & Easy Air Fried Homemade Meals ,Kindle,4.9 out of 5 stars,Olivia Miller,$14.90
The Paper Palace: A Novel ,Miranda Cowley Heller,4.2 out of 5 stars,"14,256",$13.99
"The Expendable: The true story of Patrol Wing 10, PT Squadron 3, and a Navy Corpsman who refused to surrender when the Philippine Islands fell to Japan ",John Floyd,4.6 out of 5 stars,"1,452",$5.99
Little Fires Everywhere: A Novel ,Celeste Ng,4.5 out of 5 stars,"51,771",$10.20
The School Mistress (Emerson Pass Historicals Book 1) ,Audible Audiobook,4.4 out of 5 stars,Other formats: ,$0.00
Bloodline ,Jess Lourey,4.2 out of 5 stars,"17,603",$0.00
The Rainbow: Absolutely heartbreaking World War 2 historical fiction based on a true story ,Carly Schabowski,4.5 out of 5 stars,"1,219",$3.99
The Chronicles of Narnia Adult Box Set ,Paperback,4.8 out of 5 stars,Other formats: ,$0.00
"City of the Dead (Maximum Ride: Hawk, 2) ",Kindle,4.1 out of 5 stars,More Buying Choices,$14.77
Vortex: An FBI Thriller ,Hardcover,4.7 out of 5 stars,Other formats: ,$14.99
Split Second (King & Maxwell Series Book 1) ,Audible Audiobook,4.5 out of 5 stars,Other formats: ,$7.99
Evil Geniuses: The Unmaking of America: A Recent History ,Kurt Andersen,4.7 out of 5 stars,"2,218",$14.29
My Encyclopedia of Very Important Things: For Little Learners Who Want to Know Everything (My Very Important Encyclopedias) ,Kindle,4.8 out of 5 stars,Save $0.54,$7.67
Enemy at the Gates (Mitch Rapp Book 20) ,Audible Audiobook,4.6 out of 5 stars,Other formats: ,$14.99
The Other Emily ,Dean Koontz,4.2 out of 5 stars,"11,331",$12.99
The Last Rose of Shanghai: A Novel ,Weina Dai Randel,4.3 out of 5 stars,"3,149",$0.00
Before She Disappeared: A Novel (A Frankie Elkin Novel Book 1) ,Audible Audiobook,4.4 out of 5 stars,Other formats: ,$9.99
The Family ,Naomi Krupitsky,4.1 out of 5 stars,588,$18.49
Circe ,Madeline Miller,4.6 out of 5 stars,"25,274",$11.10
Local Woman Missing ,Kindle,4.4 out of 5 stars,Mary Kubica,$0.00
The Richest Man in Babylon ,Paperback,4.7 out of 5 stars,Other formats: ,$0.00
"Simple Air Fryer Cookbook with Pictures: Easy Recipes for Beginners with Tips & Tricks to Fry, Grill, Roast, and Bake | Your Everyday Air Fryer Book ",Cecily Goodwin,4.3 out of 5 stars,876,$17.99
The President's Daughter: A Thriller ,James Patterson,4.6 out of 5 stars, and ,$15.00
The Murder on the Links (Hercule Poirot Book 2) ,Paperback,4.4 out of 5 stars,Other formats: ,$1.99
A Long Walk to Water: Based on a True Story ,Linda Sue Park,4.8 out of 5 stars,"13,246",$4.59
It Ends with Us: A Novel ,Colleen Hoover,4.7 out of 5 stars,"41,360",$9.47
The Rose Code: A Novel ,Kate Quinn,4.7 out of 5 stars,"16,655",$11.99
Project Hail Mary ,Kindle,4.7 out of 5 stars,Andy Weir,$0.00
A Dance with the Fae Prince (Married to Magic) ,Paperback,4.4 out of 5 stars,Other formats: ,$0.00
Fear No Evil (Alex Cross Book 29) ,Hardcover,4.6 out of 5 stars,Other formats: ,$14.99
BAD KARMA: The True Story of a Mexico Trip from Hell ,Paul Wilson,4.2 out of 5 stars, and ,$12.55
Chicken Soup for the Soul: Laughter Is the Best Medicine: 101 Feel Good Stories ,Amy Newmark,4.7 out of 5 stars,998,$8.91
"Leviathan Falls: Expanse, Book 9 ",Kindle,4.8 out of 5 stars,Other formats: ,$0.00
The Arrangement ,Kiersten Modglin,4.2 out of 5 stars,"4,509",$0.00
The Virginia Dynasty: Four Presidents and the Creation of the American Nation ,Lynne Cheney,4.7 out of 5 stars,516,$17.99
The Searcher: A Novel ,Tana French,4.3 out of 5 stars,"22,087",$12.99
We Were Liars ,E. Lockhart,4.5 out of 5 stars,"31,158",$5.98
A Little Hope: A Novel ,Ethan Joella,4.2 out of 5 stars,95,$17.21
"Extraordinary Women In History: 70 Remarkable Women Who Made a Difference, Inspired & Broke Barriers ",Leah Gail,4.3 out of 5 stars,51,$0.00
Cloud Cuckoo Land: A Novel ,Anthony Doerr,4.5 out of 5 stars,"4,137",$18.57
"Set the Night on Fire: Living, Dying, and Playing Guitar With the Doors ",Robby Krieger,4.8 out of 5 stars, and ,$22.49
"What Really Happened In Wuhan: A Virus Like No Other, Countless Infections, Millions of Deaths ",Sharri Markson,4.9 out of 5 stars,342,$25.99
The Last Protector (Clayton White Book 1) ,Audible Audiobook,4.4 out of 5 stars,Other formats: ,$0.00
Noble Intentions: A Jack Noble Thriller ,Paperback,4.4 out of 5 stars,Other formats: ,$0.00
They Wish They Were Us ,Jessica Goodman,4.3 out of 5 stars,"1,690",$9.13
The Wise Ass (The Claire Trilogy Book 1) ,Paperback,4.4 out of 5 stars,Other formats: ,$0.00
Blood in the Bayou: A Bone-Chilling FBI Thriller (FBI Agent Jade Monroe Live or Die Series Book 1) ,Paperback,4.2 out of 5 stars,Other format: ,$0.00
Dare to Lead: Brave Work. Tough Conversations. Whole Hearts. ,Brené Brown,4.7 out of 5 stars,"12,798",$10.39
Spectacular Spreads: 50 Amazing Food Spreads for Any Occasion ,Maegan Brown,4.8 out of 5 stars,118,$20.62
The Girls in the Stilt House: A Novel ,Kelly Mustian ,4.5 out of 5 stars,"3,377",$7.39
Mercy (Atlee Pine Book 4) ,Audible Audiobook,4.6 out of 5 stars,Other formats: ,$14.99
The Complete Instant Pot Cookbook: 1000 Recipes For Easy & Delicious Pressure Cooker Homemade Meals ,Kindle,4.8 out of 5 stars,Jennifer Grant,$10.59
Signs of Life Series: A Christian Fiction Thriller Series Boxed Set ,Creston Mapes,4.8 out of 5 stars,92,$0.00
"Jesus Listens: Daily Devotional Prayers of Peace, Joy, and Hope (the NEW 365-day Prayer Book) ",Sarah Young,4.8 out of 5 stars,469,$13.38
The Weight of Air: A Story of the Lies about Addiction and the Truth about Recovery ,David Poses,4.5 out of 5 stars,418,$14.95
Unfu*k Yourself: Get Out of Your Head and into Your Life ,Hardcover,4.6 out of 5 stars,Other formats: ,$0.00
Talking to GOATs: The Moments You Remember and the Stories You Never Heard ,Jim Gray,4.6 out of 5 stars,"2,114",$14.59
People We Meet on Vacation ,Emily Henry,4.3 out of 5 stars,"21,810",$9.98
Be Right Back!: How To Overcome Your Dog's Separation Anxiety And Regain Your Freedom ,Kindle,4.3 out of 5 stars,Other format: ,$12.95
The London House ,Katherine Reay,4.5 out of 5 stars,162,$9.99
Seven Perfect Things: A Novel ,Catherine Ryan Hyde,4.5 out of 5 stars,"21,189",$0.00
Viral ,Robin Cook,3.8 out of 5 stars,759,$14.99
Night Road: A Novel ,Kristin Hannah,4.6 out of 5 stars,"8,957",$15.99
Atlas of the Heart: Mapping Meaningful Connection and the Language of Human Experience ,Brené Brown,4.4 out of 5 stars,44,$19.48
Talking to Strangers: What We Should Know About the People We Don't Know ,Hardcover,4.5 out of 5 stars,Malcolm Gladwell,$0.00
The Darkest Evening: A Vera Stanhope Novel ,Audible Audiobook,4.6 out of 5 stars,Other formats: ,$10.99
Effortless: Make It Easier to Do What Matters Most ,Hardcover,4.6 out of 5 stars,Greg McKeown,$0.00
Healthy at Last: A Plant-Based Approach to Preventing and Reversing Diabetes and Other Chronic Illnesses ,Eric Adams,4.7 out of 5 stars,643,$16.14
Talking to the Sky: A Memoir of Living My Best Life in a Sh!t Show ,Kindle,4.5 out of 5 stars,Aimee Mayo,$0.00
Game On: Tempting Twenty-Eight (Stephanie Plum Book 28) ,Audible Audiobook,4.6 out of 5 stars,Other formats: ,$15.99
Captain Jack: A Thrilling Mystery Novel (Detective Jack Stratton Mystery Thriller Series Book 9) ,Audible Audiobook,4.5 out of 5 stars,Other formats: ,$0.00
